glyph,native_components,native_holes,budget,actual_loops,iou,bridges,cuts,path_mm,valid
趙,4,1,1,1,0.9895452553386231,3,1,501.88618891548634,True
趙,4,1,2,2,0.992765142611046,2,1,498.7318190108241,True
趙,4,1,3,3,0.9959040519656387,1,1,495.75560408983176,True
錢,7,0,1,1,0.9894420366532942,6,0,545.5227628278518,True
錢,7,0,2,2,0.9921506795389944,5,0,542.9651616181311,True
錢,7,0,3,3,0.9942046829586205,4,0,541.2953764888975,True
孫,5,0,1,1,0.981037353482732,4,0,449.0859717715553,True
孫,5,0,2,2,0.9871188333350761,3,0,442.96483894636447,True
孫,5,0,3,3,0.9919557051447213,2,0,438.42785392268604,True
李,1,0,1,1,1.0,0,0,373.50493785204065,True
李,1,0,2,1,1.0,0,0,373.50493785204065,True
李,1,0,3,1,1.0,0,0,373.50493785204065,True
周,2,5,1,1,0.982584645760835,1,5,486.01947874709026,True
周,2,5,2,2,0.987842553926978,0,5,479.98788860533926,True
周,2,5,3,3,0.9902932755023,0,4,476.52768860533894,True
吳,3,2,1,1,0.9811304209202089,2,2,420.44106175053406,True
吳,3,2,2,2,0.9885235984300361,1,2,413.13236175053413,True
吳,3,2,3,3,0.9941740985083338,0,2,407.732559211991,True
鄭,6,4,1,1,0.9843627961940965,5,4,570.0145053317991,True
鄭,6,4,2,2,0.9871578664444717,4,4,567.0035001124193,True
鄭,6,4,3,3,0.9893333660147636,4,3,563.8181201124191,True
王,1,0,1,1,1.0,0,0,288.95856,True
王,1,0,2,1,1.0,0,0,288.95856,True
王,1,0,3,1,1.0,0,0,288.95856,True
馮,7,3,1,1,0.9670400105665636,6,3,500.81291494822113,True
馮,7,3,2,2,0.9719207481294098,5,3,495.38486468476077,True
馮,7,3,3,3,0.9763876249501816,4,3,490.5878788076691,True
陳,2,4,1,1,0.9888812357708568,1,4,507.39761999236157,True
陳,2,4,2,2,0.991145125273207,1,3,504.21773999236166,True
陳,2,4,3,3,0.9934090147755577,1,2,501.03785999236163,True
褚,3,2,1,1,0.9900528364612307,2,2,456.19314891573873,True
褚,3,2,2,2,0.9927397998377142,1,2,453.865601824596,True
褚,3,2,3,3,0.9953898356661779,1,1,450.47652182459603,True
衛,6,3,1,1,0.9746646950720145,5,3,511.24681994503794,True
衛,6,3,2,2,0.9794658663262045,4,3,505.9864547256582,True
衛,6,3,3,3,0.984027541773583,3,3,501.0952304805847,True
蔣,7,1,1,1,0.9830664624941832,6,1,506.99993549220375,True
蔣,7,1,2,2,0.9859857099451599,5,1,504.36862670324666,True
蔣,7,1,3,3,0.98829754763193,4,1,502.89682670324635,True
沈,5,0,1,1,0.9800886821355097,4,0,365.5804100153071,True
沈,5,0,2,2,0.9885647781603658,3,0,358.05291817075886,True
沈,5,0,3,3,0.9937476580750801,2,0,354.26891159081515,True
韓,3,5,1,1,0.983664577724528,2,5,534.8675670399839,True
韓,3,5,2,2,0.9865107158673943,1,5,531.9004932247631,True
韓,3,5,3,3,0.989214501652201,0,5,529.3305080053833,True
楊,3,2,1,1,0.9897899323326038,2,2,530.077578494117,True
楊,3,2,2,2,0.9936803020214747,1,2,525.5683332747376,True
楊,3,2,3,3,0.9959502150329929,1,1,522.3089932747376,True
朱,1,0,1,1,1.0,0,0,329.54641889866195,True
朱,1,0,2,1,1.0,0,0,329.54641889866195,True
朱,1,0,3,1,1.0,0,0,329.54641889866195,True
秦,3,3,1,1,0.9894830346021265,2,3,501.2129648425831,True
秦,3,3,2,2,0.9930231236593153,1,3,497.71406025746467,True
秦,3,3,3,3,0.9964380602251147,0,3,494.3472858747647,True
尤,3,0,1,1,0.9881251554157686,2,0,292.6198019700722,True
尤,3,0,2,2,0.9950276629625453,1,0,288.09729151133064,True
尤,3,0,3,3,1.0,0,0,285.2363002615344,True
許,5,1,1,1,0.9777924896707181,4,1,397.87412392221063,True
許,5,1,2,2,0.9841214487982681,3,1,392.30415630547367,True
許,5,1,3,3,0.9900314548431303,2,1,386.92597094876,True
何,3,1,1,1,0.9796722147035153,2,1,360.9101927342882,True
何,3,1,2,2,0.9913018221820731,1,1,350.6960327342883,True
何,3,1,3,3,0.9965806811913988,0,1,346.8064201180387,True
呂,1,2,1,1,0.9937201544396506,0,2,371.37717479379745,True
呂,1,2,2,2,0.9968752417043097,0,1,367.8147347937975,True
呂,1,2,3,3,1.0,0,0,364.2980747937975,True
施,3,0,1,1,0.9956076239480982,2,0,455.74333619546655,True
施,3,0,2,2,0.9986001410900489,1,0,453.31313716967264,True
施,3,0,3,3,1.0,0,0,452.8358258671749,True
張,3,0,1,1,0.9936102627937325,2,0,458.60063137253445,True
張,3,0,2,2,0.9970195169112963,1,0,455.2004164781611,True
張,3,0,3,3,1.0,0,0,452.6803252211309,True
孔,2,0,1,1,0.9954101415847331,1,0,299.701312652453,True
孔,2,0,2,2,1.0,0,0,297.2828162713861,True
孔,2,0,3,2,1.0,0,0,297.2828162713861,True
曹,2,9,1,1,0.9771242222554598,1,9,559.6956000000002,True
曹,2,9,2,2,0.98111610464857,0,9,555.0254600000001,True
曹,2,9,3,3,0.983223974538014,0,8,551.91194,True
嚴,5,5,1,1,0.9787687021637026,4,5,589.606489798418,True
嚴,5,5,2,2,0.9823642930205981,3,5,585.6509297984179,True
嚴,5,5,3,3,0.9859863759837667,2,5,581.6953597984,True
華,5,0,1,1,0.9897562657928758,4,0,479.85901807797836,True
華,5,0,2,2,0.9930543207485997,3,0,476.89456000000007,True
華,5,0,3,3,0.9962056947680173,2,0,474.3920000000001,True
金,3,1,1,1,0.9916477172724433,2,1,381.65036631842037,True
金,3,1,2,2,0.9956700868022037,1,1,378.61896661342263,True
金,3,1,3,3,0.9991061164203838,0,1,376.2669855922663,True
魏,4,5,1,1,0.9838887899775002,3,5,578.0440398471519,True
魏,4,5,2,2,0.9863638094777687,2,5,575.4661546277725,True
魏,4,5,3,3,0.9884482199057417,2,4,572.4018546277725,True
